SK_ID_CURR,NAME_CONTRACT_TYPE,CODE_GENDER,FLAG_OWN_CAR,FLAG_OWN_REALTY,CNT_CHILDREN,AMT_INCOME_TOTAL,AMT_CREDIT,AMT_ANNUITY,NAME_TYPE_SUITE,NAME_INCOME_TYPE,NAME_EDUCATION_TYPE,NAME_FAMILY_STATUS,NAME_HOUSING_TYPE,REGION_POPULATION_RELATIVE,DAYS_BIRTH,DAYS_EMPLOYED,DAYS_REGISTRATION,DAYS_ID_PUBLISH,OWN_CAR_AGE,FLAG_MOBIL,FLAG_EMP_PHONE,FLAG_WORK_PHONE,FLAG_CONT_MOBILE,FLAG_PHONE,FLAG_EMAIL,OCCUPATION_TYPE,CNT_FAM_MEMBERS,REGION_RATING_CLIENT,WEEKDAY_APPR_PROCESS_START,HOUR_APPR_PROCESS_START,REG_REGION_NOT_LIVE_REGION,REG_REGION_NOT_WORK_REGION,LIVE_REGION_NOT_WORK_REGION,REG_CITY_NOT_LIVE_CITY,REG_CITY_NOT_WORK_CITY,LIVE_CITY_NOT_WORK_CITY,ORGANIZATION_TYPE,EXT_SOURCE_1,EXT_SOURCE_2,EXT_SOURCE_3,APARTMENTS_AVG,BASEMENTAREA_AVG,YEARS_BEGINEXPLUATATION_AVG,YEARS_BUILD_AVG,COMMONAREA_AVG,ELEVATORS_AVG,ENTRANCES_AVG,FLOORSMAX_AVG,FLOORSMIN_AVG,LANDAREA_AVG,NONLIVINGAPARTMENTS_AVG,NONLIVINGAREA_AVG,FONDKAPREMONT_MODE,HOUSETYPE_MODE,WALLSMATERIAL_MODE,EMERGENCYSTATE_MODE,OBS_30_CNT_SOCIAL_CIRCLE,DEF_30_CNT_SOCIAL_CIRCLE,DEF_60_CNT_SOCIAL_CIRCLE,DAYS_LAST_PHONE_CHANGE,FLAG_DOCUMENT_2,FLAG_DOCUMENT_3,FLAG_DOCUMENT_4,FLAG_DOCUMENT_5,FLAG_DOCUMENT_6,FLAG_DOCUMENT_7,FLAG_DOCUMENT_8,FLAG_DOCUMENT_9,FLAG_DOCUMENT_10,FLAG_DOCUMENT_11,FLAG_DOCUMENT_12,FLAG_DOCUMENT_13,FLAG_DOCUMENT_14,FLAG_DOCUMENT_15,FLAG_DOCUMENT_16,FLAG_DOCUMENT_17,FLAG_DOCUMENT_18,FLAG_DOCUMENT_19,FLAG_DOCUMENT_20,FLAG_DOCUMENT_21,AMT_REQ_CREDIT_BUREAU_HOUR,AMT_REQ_CREDIT_BUREAU_DAY,AMT_REQ_CREDIT_BUREAU_WEEK,AMT_REQ_CREDIT_BUREAU_MON,AMT_REQ_CREDIT_BUREAU_QRT,AMT_REQ_CREDIT_BUREAU_YEAR,CREDIT_INCOME_PERCENT,ANNUITY_INCOME_PERCENT,CREDIT_TERM
101098,Cash loans,F,Y,N,1,180000.0,1096020.0,59589.0,Unaccompanied,Working,Higher education,Civil marriage,House / apartment,0.0196889999999999,-11215,-298.0,-5056.0,-3702,8.0,1,1,0,1,0,1,Sales staff,3.0,2,THURSDAY,7,0,0,0,0,0,0,Business Entity Type 3,,0.7190967411117091,0.4596904504249018,,,,,,,,,,,,,,,,,0.0,0.0,0.0,-1554.0,0,1,0,0,0,0,0,0,0,0,0,0,0,0,0,0,0,0,0,0,0.0,0.0,1.0,0.0,0.0,1.0,6.089,0.33105,0.054368533420922974
327727,Cash loans,F,N,N,1,90000.0,760500.0,22234.5,Unaccompanied,State servant,Secondary / secondary special,Married,House / apartment,0.030755,-19943,-7344.0,-10427.0,-3423,,1,1,0,1,0,0,Secretaries,3.0,2,TUESDAY,10,0,0,0,0,0,0,Medicine,,0.6781868079688055,0.5531646987710016,,,,,,,,,,,,,,,,,0.0,0.0,0.0,-1372.0,0,1,0,0,0,0,0,0,0,0,0,0,0,0,0,0,0,0,0,0,0.0,0.0,0.0,0.0,0.0,1.0,8.45,0.24705,0.029236686390532545
312519,Cash loans,M,Y,N,0,65700.0,508495.5,20295.0,Unaccompanied,Pensioner,Secondary / secondary special,Married,House / apartment,0.030755,-23595,,-3891.0,-3890,30.0,1,0,0,1,0,0,,2.0,2,TUESDAY,13,0,0,0,0,0,0,XNA,,0.6723849604396847,0.6144143775673561,0.1416,0.1122,0.9846,0.7892,0.0051,0.0932,0.2183,0.2221,0.2638,0.0792,0.0013,0.0085,reg oper spec account,block of flats,Panel,No,2.0,0.0,0.0,-273.0,0,0,0,0,1,0,0,0,0,0,0,0,0,0,0,0,0,0,0,0,0.0,0.0,0.0,0.0,0.0,7.0,7.739657534246575,0.3089041095890411,0.03991185762705864
242347,Revolving loans,F,N,N,0,108000.0,315000.0,15750.0,Unaccompanied,Working,Secondary / secondary special,Married,Municipal apartment,0.001276,-20450,-1071.0,-2781.0,-3446,,1,1,1,1,1,0,,2.0,2,THURSDAY,5,0,0,0,0,0,0,Government,,0.4147818540559113,,0.033,0.0,0.9801,0.728,0.0028,0.0,0.069,0.125,0.1667,0.0187,0.0154,0.0112,reg oper account,block of flats,Block,No,0.0,0.0,0.0,0.0,0,0,0,0,0,0,0,0,0,0,0,0,0,0,0,0,0,0,0,0,,,,,,,2.9166666666666665,0.14583333333333334,0.05
269090,Cash loans,M,Y,Y,1,315000.0,1125000.0,47794.5,Family,Commercial associate,Higher education,Married,House / apartment,0.0196889999999999,-10398,-634.0,-5019.0,-2766,2.0,1,1,0,1,0,0,Managers,3.0,2,FRIDAY,12,0,0,0,0,0,0,Business Entity Type 3,0.3791383834934871,0.2858978721410488,0.3876253444214701,,,,,,,,,,,,,,,,,1.0,0.0,0.0,0.0,0,1,0,0,0,0,0,0,0,0,0,0,0,0,0,0,0,0,0,0,0.0,0.0,0.0,0.0,1.0,0.0,3.5714285714285716,0.15172857142857143,0.042484
383626,Cash loans,F,N,N,0,135000.0,675000.0,19345.5,Unaccompanied,Working,Secondary / secondary special,Widow,House / apartment,0.0196889999999999,-22514,-15699.0,-1104.0,-4929,,1,1,1,1,1,0,Accountants,1.0,2,MONDAY,12,0,0,0,0,0,0,Business Entity Type 2,,0.2776667317418485,0.5352762504724826,,,,,,,,,,,,,,,,,4.0,0.0,0.0,-2610.0,0,0,0,0,1,0,0,0,0,0,0,0,0,0,0,0,0,0,0,0,0.0,0.0,0.0,0.0,0.0,3.0,5.0,0.1433,0.02866
380100,Cash loans,M,Y,Y,0,112500.0,268659.0,29061.0,Unaccompanied,Working,Secondary / secondary special,Married,House / apartment,0.020713,-17806,-1685.0,-2482.0,-1361,5.0,1,1,0,1,0,0,Security staff,2.0,3,TUESDAY,9,0,0,0,0,0,0,Agriculture,,0.7397324081590397,,,,,,,,,,,,,,,,,,0.0,0.0,0.0,-424.0,0,0,0,0,0,0,1,0,0,0,0,0,0,0,0,0,0,0,0,0,,,,,,,2.38808,0.25832,0.10817058055006533
291043,Cash loans,F,N,N,0,180000.0,2013840.0,53253.0,Family,Working,Secondary / secondary special,Married,House / apartment,0.010147,-15501,-1902.0,-2769.0,-2870,,1,1,0,1,0,0,Sales staff,2.0,2,TUESDAY,18,0,0,0,0,0,0,Self-employed,,0.4395724139638391,0.6347055309763198,0.0082,,0.9776,,,0.0,0.0345,0.0417,,,,,,block of flats,"Stone, brick",No,2.0,0.0,0.0,-974.0,0,1,0,0,0,0,0,0,0,0,0,0,0,0,0,0,0,0,0,0,0.0,0.0,0.0,0.0,1.0,5.0,11.188,0.29585,0.026443510904540578
208180,Cash loans,F,N,Y,2,90000.0,909000.0,26707.5,Unaccompanied,State servant,Secondary / secondary special,Married,House / apartment,0.00702,-12174,-335.0,-381.0,-3273,,1,1,0,1,0,0,,4.0,2,TUESDAY,14,0,0,0,0,0,0,School,,0.2186072767727359,0.4848514754962666,,,,,,,,,,,,,,,,,2.0,0.0,0.0,-143.0,0,1,0,0,0,0,0,0,0,0,0,0,0,0,0,0,0,0,0,0,0.0,0.0,0.0,0.0,0.0,3.0,10.1,0.29675,0.02938118811881188
298950,Cash loans,M,Y,Y,0,157500.0,276277.5,22279.5,Unaccompanied,Working,Secondary / secondary special,Married,House / apartment,0.022625,-15476,-2141.0,-4820.0,-4763,6.0,1,1,0,1,1,0,Drivers,2.0,2,SATURDAY,9,0,0,0,0,1,1,Transport: type 4,,0.7327001517115781,0.0005272652387098,,,,,,,,,,,,,,,,,0.0,0.0,0.0,-1995.0,0,0,0,1,0,0,0,0,0,0,0,0,0,0,0,0,0,0,0,0,0.0,0.0,0.0,0.0,0.0,1.0,1.7541428571428572,0.14145714285714286,0.08064174607052692
271184,Cash loans,M,Y,Y,1,135000.0,1303812.0,38250.0,Unaccompanied,Commercial associate,Higher education,Married,House / apartment,0.031329,-15868,-909.0,-3849.0,-3850,7.0,1,1,0,1,0,0,Core staff,3.0,2,MONDAY,12,0,0,0,0,0,0,Industry: type 7,0.3295684793780445,0.6713339783744825,0.6754132910917112,0.0124,,0.9707,0.5988,,0.0,0.069,0.0417,,0.0332,0.0,0.0,reg oper account,block of flats,Block,No,2.0,0.0,0.0,-1870.0,0,1,0,0,0,0,0,0,0,0,0,0,0,0,0,0,0,0,0,0,0.0,0.0,0.0,0.0,0.0,0.0,9.657866666666667,0.2833333333333333,0.029337051660822264
441745,Cash loans,F,N,Y,1,157500.0,148365.0,12024.0,Unaccompanied,Working,Incomplete higher,Married,House / apartment,0.0105,-11848,-1301.0,-3512.0,-4396,,1,1,1,1,1,0,,3.0,3,MONDAY,15,0,0,0,0,0,0,Medicine,0.4567248324740976,0.1083148204113411,0.3572932680336494,,,,,,,,,,,,,,,,,0.0,0.0,0.0,-1533.0,0,1,0,0,0,0,0,0,0,0,0,0,0,0,0,0,0,0,0,0,0.0,0.0,0.0,0.0,1.0,3.0,0.942,0.07634285714285714,0.08104337276311799
188264,Cash loans,M,N,Y,2,135000.0,387000.0,14719.5,Unaccompanied,Working,Secondary / secondary special,Single / not married,House / apartment,0.031329,-11631,-408.0,-5499.0,-1600,,1,1,1,1,1,0,Drivers,3.0,2,SUNDAY,14,0,0,0,1,1,0,Industry: type 11,,0.1923160541736026,0.5442347412142162,0.0021,0.0,0.9742,,,0.0,0.0345,0.0,,0.0,,0.0,,block of flats,Wooden,No,1.0,1.0,0.0,-714.0,0,1,0,0,0,0,0,0,0,0,0,0,0,0,0,0,0,0,0,0,0.0,0.0,0.0,0.0,1.0,2.0,2.8666666666666667,0.10903333333333333,0.03803488372093023
360466,Cash loans,F,N,Y,0,148500.0,288873.0,19305.0,Unaccompanied,Commercial associate,Incomplete higher,Single / not married,Municipal apartment,0.04622,-12689,-135.0,-6481.0,-3409,,1,1,0,1,0,0,Core staff,1.0,1,TUESDAY,17,0,1,1,0,0,0,Trade: type 3,,0.7169627531674592,,0.3711,0.2161,0.9836,0.7756,0.0711,0.4,0.3448,0.3333,0.375,0.0,0.0,0.0,reg oper account,block of flats,Panel,No,0.0,0.0,0.0,-485.0,0,1,0,0,0,0,0,0,0,0,0,0,0,0,0,0,0,0,0,0,,,,,,,1.9452727272727273,0.13,0.06682867557715674
280523,Cash loans,F,Y,Y,2,270000.0,1185282.0,38236.5,"Spouse, partner",Pensioner,Higher education,Civil marriage,House / apartment,0.072508,-17051,,-11139.0,-591,64.0,1,0,0,1,0,0,,4.0,1,FRIDAY,14,0,0,0,0,0,0,XNA,,0.7094486613920431,0.8193176922872417,0.2769,0.1482,0.9781,0.7008,0.0,0.32,0.2345,0.375,0.0417,0.2269,0.0,0.0756,not specified,block of flats,Panel,No,0.0,0.0,0.0,-946.0,0,1,0,0,0,0,0,0,0,0,0,0,0,0,0,0,0,0,0,0,0.0,0.0,0.0,0.0,0.0,4.0,4.3899333333333335,0.14161666666666667,0.032259411684308036
113991,Cash loans,F,N,N,0,157500.0,938304.0,30492.0,Unaccompanied,Working,Secondary / secondary special,Married,House / apartment,0.025164,-15946,-5298.0,-3549.0,-4686,,1,1,0,1,0,0,,2.0,2,THURSDAY,13,0,0,0,0,0,0,Industry: type 11,,0.5476972086864886,0.5832379256761245,0.0928,0.0989,0.9846,0.7892,0.015,0.0,0.2069,0.2083,0.25,0.078,0.0,0.0,reg oper account,block of flats,Panel,No,1.0,0.0,0.0,-3.0,0,1,0,0,0,0,0,0,0,0,0,0,0,0,1,0,0,0,0,0,0.0,0.0,0.0,0.0,0.0,0.0,5.957485714285714,0.1936,0.03249693063228975
336948,Cash loans,F,Y,Y,0,90000.0,450000.0,22018.5,Unaccompanied,Working,Secondary / secondary special,Married,House / apartment,0.018209,-18102,-6603.0,-2601.0,-1651,3.0,1,1,0,1,1,0,Cooking staff,2.0,3,SUNDAY,12,0,0,0,0,0,0,Industry: type 3,,0.2371286238322104,0.4258928980051529,,,,,,,,,,,,,,,,,3.0,2.0,2.0,-2026.0,0,1,0,0,0,0,0,0,0,0,0,0,0,0,0,0,0,0,0,0,0.0,0.0,0.0,0.0,0.0,0.0,5.0,0.24465,0.04893
276220,Cash loans,F,N,Y,0,315000.0,513000.0,26320.5,Unaccompanied,Commercial associate,Higher education,Married,House / apartment,0.018209,-11129,-3026.0,-5231.0,-494,,1,1,0,1,0,1,,2.0,3,SUNDAY,9,0,0,0,0,0,0,Other,0.5624749205243246,0.3508057545735787,0.5691487713619409,,,,,,,,,,,,,,,,,1.0,1.0,1.0,-1702.0,0,1,0,0,0,0,0,0,0,0,0,0,0,0,0,0,0,0,0,0,0.0,0.0,0.0,0.0,0.0,0.0,1.6285714285714286,0.08355714285714286,0.05130701754385965
180778,Cash loans,F,N,Y,0,67500.0,646920.0,20997.0,Unaccompanied,Working,Higher education,Married,House / apartment,0.00712,-19723,-998.0,-7227.0,-3280,,1,1,0,1,0,0,Laborers,2.0,2,MONDAY,10,0,0,0,0,1,1,Industry: type 3,,0.2622583692422573,0.8347841592331774,,,,,,,,,,,,,,,,,0.0,0.0,0.0,-518.0,0,1,0,0,0,0,0,0,0,0,0,0,0,0,0,0,0,0,0,0,0.0,0.0,0.0,0.0,0.0,1.0,9.584,0.31106666666666666,0.032456872565386756
109912,Cash loans,M,Y,N,0,292500.0,900000.0,45954.0,Unaccompanied,Working,Secondary / secondary special,Civil marriage,House / apartment,0.020713,-15373,-1994.0,-4896.0,-4251,11.0,1,1,1,1,0,1,Drivers,2.0,3,FRIDAY,12,0,0,0,1,1,0,Business Entity Type 3,0.5399757696530657,0.5599356306312757,,,,,,,,,,,,,,,,,,2.0,0.0,0.0,-682.0,0,0,0,0,0,0,1,0,0,0,0,0,0,0,0,0,0,0,0,0,,,,,,,3.076923076923077,0.1571076923076923,0.05106
251810,Cash loans,M,Y,N,0,225000.0,675000.0,21937.5,Unaccompanied,Commercial associate,Secondary / secondary special,Married,House / apartment,0.014464,-13503,-1369.0,-3931.0,-4459,3.0,1,1,0,1,0,0,High skill tech staff,2.0,2,FRIDAY,17,0,0,0,0,0,0,Industry: type 3,,0.3732452113049784,0.5298898341969072,0.2979,0.0403,0.9801,0.728,0.0417,0.0,0.1379,0.2083,0.0417,0.1666,0.027,0.0265,reg oper account,block of flats,"Stone, brick",No,0.0,0.0,0.0,-3.0,0,0,0,0,0,0,1,0,0,0,0,1,0,0,0,0,0,0,0,0,0.0,0.0,0.0,0.0,2.0,2.0,3.0,0.0975,0.0325
123549,Cash loans,F,N,Y,0,135000.0,500566.5,37426.5,Unaccompanied,Working,Secondary / secondary special,Married,House / apartment,0.009549,-14854,-385.0,-1172.0,-2108,,1,1,1,1,1,0,Secretaries,2.0,2,FRIDAY,14,0,0,0,0,0,0,Medicine,0.7329796147185458,0.5920946007681329,0.4066174366275036,0.0876,0.0756,0.9796,,,,0.2069,0.1667,,0.081,,,,block of flats,Panel,No,0.0,0.0,0.0,-706.0,0,1,0,0,0,0,0,0,0,0,0,0,0,0,0,0,0,0,0,0,0.0,0.0,0.0,0.0,0.0,1.0,3.7079,0.27723333333333333,0.07476828753022825
369852,Cash loans,F,N,Y,1,225000.0,229500.0,11290.5,Unaccompanied,Working,Higher education,Married,House / apartment,0.026392,-12799,-173.0,-2204.0,-2142,,1,1,0,1,0,0,Core staff,3.0,2,TUESDAY,11,0,0,0,0,0,0,Advertising,0.1775347113263031,0.6730541814330537,0.1735274304649146,0.2763,0.243,0.9816,,,0.0,0.5862,0.1667,,0.2753,,0.0028,,block of flats,Panel,No,5.0,1.0,0.0,0.0,0,1,0,0,0,0,0,0,0,0,0,0,0,0,0,0,0,0,0,0,0.0,0.0,0.0,5.0,0.0,1.0,1.02,0.05018,0.049196078431372546
435956,Cash loans,F,Y,Y,0,135000.0,149256.0,15421.5,Family,Pensioner,Higher education,Married,House / apartment,0.010006,-20228,,-1508.0,-2808,10.0,1,0,0,1,0,0,,2.0,2,SATURDAY,14,0,0,0,0,0,0,XNA,0.6820666099049353,0.7317440086799223,0.5262949398096192,0.0619,0.0727,0.9861,0.8096,,0.0,0.1034,0.1667,0.0417,,0.0,0.0,reg oper account,block of flats,Panel,No,1.0,0.0,0.0,-521.0,0,0,0,0,1,0,0,0,0,0,0,0,0,0,0,0,0,0,0,0,0.0,0.0,1.0,0.0,0.0,1.0,1.1056,0.11423333333333334,0.10332247949831162
246853,Cash loans,F,N,N,1,112500.0,900000.0,32328.0,Unaccompanied,State servant,Higher education,Married,House / apartment,0.015221,-10395,-819.0,-2254.0,-2351,,1,1,1,1,0,0,Accountants,3.0,2,MONDAY,19,0,0,0,1,1,0,Government,0.7575284695978214,0.5963654785549136,,,,,,,,,,,,,,,,,,1.0,0.0,0.0,-620.0,0,1,0,0,0,0,0,0,0,0,0,0,0,0,0,0,0,0,0,0,,,,,,,8.0,0.28736,0.03592
167498,Revolving loans,F,Y,N,0,90000.0,180000.0,9000.0,Unaccompanied,Commercial associate,Higher education,Civil marriage,House / apartment,0.008068,-7811,-502.0,-2369.0,-500,64.0,1,1,0,1,0,0,Sales staff,2.0,3,TUESDAY,9,0,0,0,1,1,0,Self-employed,0.0661109324614348,0.3959091678605737,0.4632753280912678,0.0165,,0.9776,,,0.0,0.069,0.0417,,0.0095,,0.0,,block of flats,"Stone, brick",No,1.0,0.0,0.0,-991.0,0,0,0,0,0,0,0,0,0,0,0,0,0,0,0,0,0,0,0,0,0.0,0.0,0.0,0.0,1.0,0.0,2.0,0.1,0.05
184954,Cash loans,F,N,Y,0,108000.0,509922.0,28602.0,Unaccompanied,Working,Secondary / secondary special,Single / not married,House / apartment,0.031329,-20087,-1698.0,-2177.0,-2717,,1,1,0,1,0,0,Cooking staff,1.0,2,TUESDAY,16,0,0,0,0,0,0,Self-employed,,0.6553576518259823,0.5779691187553125,0.0928,0.1152,0.9851,0.7959999999999999,0.0111,0.0,0.2069,0.1667,0.2083,0.033,0.0,0.0,reg oper account,block of flats,Panel,No,2.0,1.0,1.0,0.0,0,1,0,0,0,0,0,0,0,0,0,0,0,0,0,0,0,0,0,0,0.0,0.0,0.0,0.0,0.0,3.0,4.7215,0.2648333333333333,0.05609093155423771
443635,Revolving loans,F,N,Y,0,144000.0,270000.0,13500.0,Unaccompanied,Working,Incomplete higher,Civil marriage,House / apartment,0.032561,-7766,-901.0,-7518.0,-442,,1,1,0,1,0,0,Core staff,2.0,1,FRIDAY,18,0,0,0,0,0,0,Restaurant,,0.1354842873408809,0.1624419982223248,0.0124,,0.9707,,,,0.069,0.0417,,,,,,,"Stone, brick",No,7.0,0.0,0.0,-348.0,0,0,0,0,0,0,0,0,0,0,0,0,0,0,0,0,0,0,0,0,0.0,0.0,0.0,0.0,0.0,0.0,1.875,0.09375,0.05
307900,Cash loans,M,Y,N,0,270000.0,572076.0,45999.0,Unaccompanied,Pensioner,Higher education,Separated,House / apartment,0.072508,-23279,,-3606.0,-2459,12.0,1,0,0,1,1,0,,1.0,1,WEDNESDAY,15,1,0,0,1,0,0,XNA,0.5794151176802951,0.7339574037920628,0.1830351672178103,0.25,0.1913,0.9771,0.6872,0.4802,0.28,0.1724,0.3958,0.4375,0.15,0.0097,0.0572,reg oper account,block of flats,"Stone, brick",No,0.0,0.0,0.0,-1269.0,0,1,0,0,0,0,0,0,0,0,0,0,0,0,0,0,0,0,0,0,0.0,0.0,0.0,0.0,0.0,3.0,2.1188,0.17036666666666667,0.0804071487005223
438302,Cash loans,M,N,Y,0,171000.0,1011955.5,56637.0,Family,Working,Secondary / secondary special,Married,House / apartment,0.025164,-15050,-4036.0,-3960.0,-4721,,1,1,1,1,1,1,High skill tech staff,2.0,2,MONDAY,9,0,0,0,0,0,0,Government,0.2626568402774512,0.6751295617783118,0.6832688314232291,0.1299,0.382,0.9692,0.5784,0.0251,0.0,0.3103,0.1667,0.2083,0.1403,0.0116,0.113,reg oper account,block of flats,"Stone, brick",No,0.0,0.0,0.0,-111.0,0,1,0,0,0,0,0,0,0,0,0,0,0,0,0,0,0,0,0,0,0.0,0.0,0.0,0.0,0.0,6.0,5.917868421052631,0.33121052631578946,0.05596787605779108
310579,Cash loans,F,N,N,1,90000.0,263686.5,25038.0,Unaccompanied,Commercial associate,Secondary / secondary special,Civil marriage,House / apartment,0.018029,-8558,-443.0,-5341.0,-1233,,1,1,1,1,1,0,High skill tech staff,3.0,3,TUESDAY,11,0,0,0,0,0,0,Transport: type 3,0.1964730678799197,0.3320944565207998,0.6109913280868294,,,,,,,,,,,,,,,,,4.0,1.0,0.0,-133.0,0,1,0,0,0,0,0,0,0,0,0,0,0,0,1,0,0,0,0,0,0.0,0.0,0.0,0.0,0.0,2.0,2.92985,0.2782,0.09495366656996092
161193,Revolving loans,M,Y,N,1,135000.0,270000.0,13500.0,Unaccompanied,Working,Secondary / secondary special,Married,House / apartment,0.022625,-9968,-744.0,-4435.0,-2630,64.0,1,1,0,1,0,0,Sales staff,3.0,2,MONDAY,11,0,0,0,0,0,0,Business Entity Type 3,0.506691720318096,0.6525815608465481,0.3740208032583212,0.0412,0.0392,0.9742,0.6464,0.0463,0.0,0.069,0.1667,0.2083,0.0372,0.0,0.0,reg oper account,block of flats,Panel,No,1.0,0.0,0.0,-1340.0,0,0,0,0,0,0,0,0,0,0,0,0,0,0,0,0,0,0,0,0,0.0,0.0,0.0,1.0,0.0,2.0,2.0,0.1,0.05
277163,Cash loans,M,N,N,2,90000.0,562932.0,30667.5,Unaccompanied,Working,Lower secondary,Married,House / apartment,0.006305,-14477,-1303.0,-6240.0,-4735,,1,1,0,1,0,0,Laborers,4.0,3,FRIDAY,12,0,0,0,0,0,0,Self-employed,,0.4852073154125858,,,,,,,,,,,,,,,,,,0.0,0.0,0.0,-342.0,0,1,0,0,0,0,0,0,0,0,0,0,0,0,0,0,0,0,0,0,,,,,,,6.2548,0.34075,0.0544781607725267
155250,Cash loans,F,N,N,1,135000.0,450000.0,21109.5,Family,Working,Secondary / secondary special,Single / not married,Rented apartment,0.015221,-12168,-307.0,-1959.0,-1958,,1,1,0,1,0,0,Sales staff,2.0,2,MONDAY,9,0,0,0,1,1,0,Self-employed,,0.627591768327591,0.3807996826489149,,,,,,,,,,,,,,,,,1.0,0.0,0.0,-248.0,0,1,0,0,0,0,0,0,0,0,0,0,0,0,0,0,0,0,0,0,0.0,0.0,0.0,0.0,0.0,3.0,3.3333333333333335,0.15636666666666665,0.04691
309265,Cash loans,M,N,Y,0,157500.0,689742.0,29353.5,Unaccompanied,Commercial associate,Secondary / secondary special,Married,House / apartment,0.030755,-18149,-11460.0,-9218.0,-1701,,1,1,0,1,0,0,Laborers,2.0,2,TUESDAY,17,0,0,0,0,0,0,Business Entity Type 2,0.6667680756853953,0.061572314670715,0.813917469762627,,,,,,,,,,,,,,,,,0.0,0.0,0.0,-1.0,0,1,0,0,0,0,0,0,0,0,0,0,0,0,0,0,0,0,0,0,0.0,0.0,0.0,0.0,0.0,3.0,4.379314285714286,0.18637142857142858,0.042557217046373864
189015,Cash loans,F,Y,Y,1,126000.0,54729.0,5746.5,Unaccompanied,Working,Higher education,Married,House / apartment,0.010032,-10076,-3316.0,-7317.0,-2446,24.0,1,1,1,1,0,1,Laborers,3.0,2,THURSDAY,6,0,0,0,0,0,0,Industry: type 3,0.1111147922201635,0.4464520430390672,0.7062051096536562,0.0887,0.0922,0.9757,0.6668,0.0319,0.0,0.1607,0.1667,0.2083,0.0947,0.0025,0.003,reg oper account,block of flats,"Stone, brick",No,1.0,0.0,0.0,-1910.0,0,1,0,0,0,0,0,0,0,0,0,0,0,0,0,0,0,0,0,0,0.0,0.0,0.0,0.0,1.0,6.0,0.43435714285714283,0.04560714285714286,0.10499917776681467
240810,Revolving loans,M,Y,Y,0,157500.0,247500.0,12375.0,Group of people,Pensioner,Secondary / secondary special,Married,House / apartment,0.031329,-22759,,-3360.0,-3360,18.0,1,0,0,1,0,0,,2.0,2,FRIDAY,12,0,0,0,0,0,0,XNA,0.6418984510978203,0.6055213202778659,0.6610235391308081,,,,,,,,,,,,,,,,,0.0,0.0,0.0,-1097.0,0,0,0,0,0,0,0,0,0,0,0,0,0,0,0,0,0,0,0,0,0.0,0.0,0.0,0.0,0.0,2.0,1.5714285714285714,0.07857142857142857,0.05
306875,Cash loans,F,N,Y,0,405000.0,545040.0,26509.5,Unaccompanied,Commercial associate,Higher education,Single / not married,House / apartment,0.005313,-10514,-2025.0,-6216.0,-1965,,1,1,1,1,1,0,,1.0,2,WEDNESDAY,13,0,1,1,0,1,1,Business Entity Type 3,,0.2365910535258154,0.2735646775174348,0.1443,0.11,0.9791,0.7144,0.0141,0.0,0.2414,0.1667,0.2083,0.0836,0.0077,0.0044,reg oper account,block of flats,Panel,No,0.0,0.0,0.0,-1428.0,0,1,0,0,0,0,0,0,0,0,0,0,0,0,0,0,0,0,0,0,0.0,0.0,0.0,0.0,0.0,2.0,1.3457777777777777,0.06545555555555556,0.04863771466314399
205488,Cash loans,M,Y,Y,1,360000.0,980838.0,52389.0,Unaccompanied,Commercial associate,Secondary / secondary special,Married,House / apartment,0.02461,-15725,-3746.0,-8382.0,-3911,6.0,1,1,0,1,1,0,Drivers,3.0,2,MONDAY,12,0,0,0,0,0,0,Business Entity Type 3,,0.6539486487548862,0.5154953751603267,0.1649,,0.9871,0.8232,,0.16,0.1379,0.375,0.0417,,0.0,0.0,reg oper account,block of flats,Panel,No,0.0,0.0,0.0,-1404.0,0,1,0,0,0,0,0,0,0,0,0,0,0,0,0,0,0,0,0,0,0.0,0.0,0.0,1.0,0.0,1.0,2.72455,0.145525,0.05341249013598576
454630,Cash loans,M,N,Y,0,315000.0,199152.0,10930.5,Family,Commercial associate,Secondary / secondary special,Married,Municipal apartment,0.072508,-12638,-3100.0,-6672.0,-4831,,1,1,0,1,0,0,Drivers,2.0,1,SATURDAY,15,0,0,0,0,0,0,Other,,0.6115431932839682,,,,,,,,,,,,,,,,,,0.0,0.0,0.0,-138.0,0,1,0,0,0,0,0,0,0,0,0,0,0,0,0,0,0,0,0,0,0.0,0.0,0.0,1.0,0.0,4.0,0.6322285714285715,0.0347,0.0548852133044107
219842,Cash loans,M,N,Y,0,99000.0,143910.0,14364.0,Unaccompanied,Working,Secondary / secondary special,Civil marriage,House / apartment,0.030755,-20765,-4861.0,-10700.0,-3267,,1,1,0,1,0,0,Laborers,2.0,2,MONDAY,12,0,0,0,0,1,1,Housing,,0.6696914052727473,0.8327850252992314,,,,,,,,,,,,,,,,,0.0,0.0,0.0,-1136.0,0,1,0,0,0,0,0,0,0,0,0,0,0,0,0,0,0,0,0,0,0.0,0.0,0.0,0.0,0.0,3.0,1.4536363636363636,0.1450909090909091,0.099812382739212
200446,Cash loans,F,N,Y,0,135000.0,760225.5,30280.5,Unaccompanied,Pensioner,Secondary / secondary special,Single / not married,House / apartment,0.020713,-23071,,-6146.0,-4582,,1,0,0,1,0,0,,1.0,3,TUESDAY,6,0,0,0,0,0,0,XNA,,0.6218807585376358,0.5797274227921155,0.0907,0.0718,0.9846,0.7892,0.0166,0.0,0.2069,0.1667,0.2083,0.3557,0.0,0.0,reg oper account,block of flats,Panel,No,0.0,0.0,0.0,0.0,0,1,0,0,0,0,0,0,0,0,0,0,0,0,0,0,0,0,0,0,0.0,0.0,1.0,0.0,0.0,1.0,5.6313,0.2243,0.03983094489727061
422757,Cash loans,F,N,N,0,225000.0,450000.0,21888.0,Family,State servant,Incomplete higher,Married,Office apartment,0.006233,-11943,-2599.0,-2259.0,-4432,,1,1,1,1,0,0,,2.0,2,TUESDAY,8,0,0,0,0,0,0,Military,0.761609360347181,0.6848080641297013,0.5100895276257282,0.0577,0.0773,0.9776,0.6940000000000001,0.004,0.0,0.1379,0.125,0.1667,0.0252,0.0,0.0,not specified,block of flats,"Stone, brick",No,0.0,0.0,0.0,-1873.0,0,1,0,0,0,0,0,0,0,0,0,0,0,0,0,0,0,0,0,0,0.0,0.0,0.0,0.0,0.0,3.0,2.0,0.09728,0.04864
155616,Cash loans,F,N,Y,0,225000.0,639000.0,35811.0,Unaccompanied,Pensioner,Secondary / secondary special,Married,House / apartment,0.04622,-20945,,-1110.0,-4173,,1,0,0,1,0,0,,2.0,1,TUESDAY,14,0,0,0,0,0,0,XNA,0.6515836951772161,0.6086353593420939,0.5814837058057234,,,,,,,,,,,,,,,,,0.0,0.0,0.0,-1312.0,0,1,0,0,0,0,0,0,0,0,0,0,0,0,0,0,0,0,0,0,0.0,0.0,0.0,1.0,0.0,3.0,2.84,0.15916,0.05604225352112676
405573,Cash loans,F,Y,Y,1,148500.0,254700.0,25321.5,Unaccompanied,Working,Higher education,Married,House / apartment,0.0116569999999999,-10292,-3672.0,-772.0,-780,8.0,1,1,0,1,0,0,Core staff,3.0,1,THURSDAY,17,0,0,0,0,0,0,Kindergarten,0.3574994219946245,0.6225798240319592,0.4776491548517548,,,,,,,,,,,,,,,,,2.0,0.0,0.0,-1359.0,0,1,0,0,0,0,0,0,0,0,0,0,0,0,0,0,0,0,0,0,0.0,0.0,0.0,0.0,0.0,3.0,1.715151515151515,0.1705151515151515,0.09941696113074205
243358,Cash loans,F,N,Y,0,225000.0,625500.0,20308.5,Unaccompanied,Working,Secondary / secondary special,Civil marriage,House / apartment,0.0145199999999999,-19312,-6146.0,-8989.0,-2808,,1,1,0,1,0,0,Accountants,2.0,2,THURSDAY,7,0,0,0,0,0,0,Restaurant,,0.2319427311585574,0.7209441499436497,,,,,,,,,,,,,,,,,0.0,0.0,0.0,-1627.0,0,1,0,0,0,0,0,0,0,0,0,0,0,0,0,0,0,0,0,0,0.0,0.0,0.0,1.0,0.0,4.0,2.78,0.09026,0.032467625899280574
452283,Cash loans,F,Y,Y,0,81000.0,474183.0,18004.5,Unaccompanied,Working,Secondary / secondary special,Married,House / apartment,0.020246,-19186,-3548.0,-5556.0,-2388,21.0,1,1,0,1,1,0,,2.0,3,TUESDAY,9,0,0,0,1,1,1,Government,0.7446286257998199,0.4707546105225048,0.2020866016820394,0.0186,0.0,0.9682,,,0.0,0.1034,0.0417,,0.0719,,0.0,,block of flats,"Stone, brick",No,4.0,0.0,0.0,-1347.0,0,1,0,0,0,0,0,0,0,0,0,0,0,0,0,0,0,0,0,0,0.0,0.0,0.0,0.0,0.0,4.0,5.854111111111111,0.22227777777777777,0.037969518097443394
252988,Cash loans,M,Y,N,2,112500.0,585000.0,21010.5,Unaccompanied,Working,Secondary / secondary special,Civil marriage,House / apartment,0.003813,-15924,-7007.0,-1444.0,-4080,18.0,1,1,1,1,1,0,Drivers,4.0,2,WEDNESDAY,18,0,0,0,0,1,1,Self-employed,,0.4927696847034372,0.6658549219640212,,,,,,,,,,,,,,,,,0.0,0.0,0.0,-1956.0,0,1,0,0,0,0,0,0,0,0,0,0,0,0,0,0,0,0,0,0,0.0,0.0,0.0,0.0,0.0,6.0,5.2,0.18676,0.03591538461538461
370611,Cash loans,M,Y,N,0,72000.0,1105632.0,35797.5,Children,Commercial associate,Secondary / secondary special,Married,House / apartment,0.0228,-20646,-405.0,-6197.0,-3887,19.0,1,1,0,1,1,0,Security staff,2.0,2,SUNDAY,11,0,0,0,0,0,0,Self-employed,,0.4982142162683506,0.7091891096653581,0.3041,0.2548,0.9836,0.7756,0.1649,0.32,0.2759,0.3333,0.375,0.1809,0.0077,0.0194,reg oper account,block of flats,"Stone, brick",No,2.0,0.0,0.0,-353.0,0,1,0,0,0,0,0,0,0,0,0,0,0,0,0,0,0,0,0,0,0.0,0.0,0.0,0.0,0.0,1.0,15.356,0.4971875,0.032377409481635845
275466,Cash loans,M,N,N,1,225000.0,450000.0,21109.5,Unaccompanied,Working,Secondary / secondary special,Married,Co-op apartment,0.0228,-10948,-611.0,-1620.0,-1627,,1,1,0,1,0,0,Drivers,3.0,2,THURSDAY,14,0,0,0,0,1,1,Transport: type 4,,0.5002916289677151,0.2151824041847538,,,,,,,,,,,,,,,,,0.0,0.0,0.0,-555.0,0,1,0,0,0,0,0,0,0,0,0,0,0,0,0,0,0,0,0,0,0.0,0.0,0.0,0.0,0.0,5.0,2.0,0.09382,0.04691
147213,Cash loans,M,Y,Y,1,135000.0,270045.0,25375.5,Family,Working,Higher education,Married,House / apartment,0.008625,-11542,-2981.0,-5980.0,-4078,13.0,1,1,0,1,0,0,Core staff,3.0,2,MONDAY,12,0,0,0,0,0,0,Self-employed,0.4390235036826567,0.5569267731180002,0.6594055320683344,0.0732,,0.9891,,,0.08,0.069,0.3333,,,,0.0,,block of flats,Panel,No,0.0,0.0,0.0,-282.0,0,0,0,0,0,0,0,0,0,0,0,0,0,0,0,0,0,0,0,0,0.0,0.0,0.0,0.0,0.0,0.0,2.0003333333333333,0.18796666666666667,0.09396767205465756
318018,Cash loans,M,Y,Y,2,157500.0,585000.0,42700.5,Unaccompanied,Working,Higher education,Married,House / apartment,0.006296,-13369,-3296.0,-7230.0,-4053,8.0,1,1,0,1,0,0,Laborers,4.0,3,TUESDAY,12,0,0,0,0,1,1,Construction,,0.2909693204412644,,,,,,,,,,,,,,,,,,0.0,0.0,0.0,0.0,0,1,0,0,0,0,0,0,0,0,0,0,0,0,0,0,0,0,0,0,,,,,,,3.7142857142857144,0.2711142857142857,0.07299230769230769
416623,Cash loans,M,N,N,0,202500.0,640080.0,29970.0,Unaccompanied,Commercial associate,Secondary / secondary special,Married,House / apartment,0.0038179999999999,-10235,-528.0,-4658.0,-2900,,1,1,0,1,0,0,Drivers,2.0,2,MONDAY,3,0,0,0,0,0,0,Self-employed,0.075893094845238,0.6614658648439835,,,0.0603,0.9762,,,,0.1034,0.1667,,,,0.0099,,,Mixed,No,1.0,0.0,0.0,-2063.0,0,1,0,0,0,0,0,0,0,0,0,0,0,0,0,0,0,0,0,0,,,,,,,3.160888888888889,0.148,0.046822272215973
224237,Cash loans,F,Y,Y,2,121500.0,1596568.5,55624.5,Unaccompanied,Working,Secondary / secondary special,Married,House / apartment,0.007114,-12821,-930.0,-8027.0,-4295,8.0,1,1,0,1,1,1,Sales staff,4.0,2,SUNDAY,13,0,0,0,0,1,1,Business Entity Type 3,0.4382007617592087,0.2208417260623207,0.6925590674998008,0.0619,,0.9841,,,0.0,0.1379,0.1667,,0.0224,,0.0,,block of flats,Panel,No,6.0,0.0,0.0,-2026.0,0,1,0,0,0,0,0,0,0,0,0,0,0,0,0,0,0,0,0,0,0.0,0.0,0.0,0.0,1.0,5.0,13.140481481481482,0.45781481481481484,0.03484003348431339
227888,Revolving loans,M,Y,N,2,202500.0,585000.0,29250.0,Unaccompanied,Working,Higher education,Married,House / apartment,0.016612,-12338,-1343.0,-1373.0,-4025,2.0,1,1,0,1,0,0,Managers,4.0,2,TUESDAY,16,0,0,0,0,1,1,Transport: type 4,0.6331006225980407,0.3400228248257174,0.4014074137749511,,,,,,,,,,,,,,,,,0.0,0.0,0.0,-1683.0,0,0,0,0,0,0,0,0,0,0,0,0,0,0,0,0,0,0,0,0,0.0,0.0,0.0,0.0,0.0,5.0,2.888888888888889,0.14444444444444443,0.05
133674,Cash loans,F,N,Y,0,180000.0,225000.0,22050.0,Unaccompanied,Pensioner,Higher education,Married,House / apartment,0.028663,-24052,,-6585.0,-3649,,1,0,0,1,0,0,,2.0,2,SATURDAY,13,0,0,0,0,0,0,XNA,,0.6445722658525799,0.8214433128935934,0.1278,0.1038,0.9906,,,0.24,0.1379,0.375,,0.0341,,0.1049,,block of flats,Panel,No,1.0,0.0,0.0,0.0,0,1,0,0,0,0,0,0,0,0,0,0,0,0,0,0,0,0,0,0,0.0,0.0,0.0,0.0,1.0,3.0,1.25,0.1225,0.098
114497,Cash loans,F,Y,N,1,58500.0,1078200.0,31653.0,Children,Working,Secondary / secondary special,Married,House / apartment,0.035792,-13695,-2080.0,-4216.0,-4325,9.0,1,1,0,1,0,0,Laborers,3.0,2,THURSDAY,10,0,0,0,0,0,0,Trade: type 7,0.5593181403371345,0.74859937145763,0.8245949709919925,,,,,,,,,,,,,,,,,0.0,0.0,0.0,-1472.0,0,1,0,0,0,0,0,0,0,0,0,0,0,0,0,0,0,0,0,0,0.0,0.0,0.0,0.0,0.0,3.0,18.43076923076923,0.5410769230769231,0.02935726210350584
284172,Revolving loans,F,N,N,0,157500.0,450000.0,22500.0,Unaccompanied,Working,Higher education,Single / not married,House / apartment,0.019101,-11360,-2539.0,-603.0,-4039,,1,1,0,1,0,0,,1.0,2,SATURDAY,17,0,0,0,0,0,0,Business Entity Type 3,0.5400614027927387,0.7017539788567629,0.7091891096653581,0.1924,0.1126,0.9975,0.966,0.072,0.0932,0.2528,0.2358,0.1525,0.079,0.0257,0.1047,reg oper account,block of flats,"Stone, brick",No,5.0,0.0,0.0,-1369.0,0,0,0,0,0,0,0,0,0,0,0,0,0,0,0,0,0,0,0,0,0.0,0.0,0.0,0.0,0.0,2.0,2.857142857142857,0.14285714285714285,0.05
153576,Cash loans,F,N,Y,2,157500.0,900000.0,29034.0,Unaccompanied,Working,Higher education,Married,House / apartment,0.026392,-11037,-811.0,-1052.0,-1596,,1,1,0,1,1,0,,4.0,2,THURSDAY,11,0,0,0,0,0,0,Bank,0.2468206983482559,0.5677278864735424,0.5709165417729987,0.1845,0.1454,0.9881,,,0.2,0.1724,0.3333,,,,,,block of flats,Panel,No,1.0,0.0,0.0,-511.0,0,1,0,0,0,0,0,0,0,0,0,0,0,0,0,0,0,0,0,0,0.0,0.0,0.0,0.0,0.0,2.0,5.714285714285714,0.18434285714285714,0.03226
236633,Cash loans,F,N,Y,2,90000.0,536917.5,22572.0,Unaccompanied,State servant,Secondary / secondary special,Married,House / apartment,0.025164,-15150,-623.0,-3619.0,-2359,,1,1,0,1,0,0,,4.0,2,FRIDAY,10,0,0,0,0,0,0,Government,0.4071422830590831,0.2665197753925157,0.5262949398096192,0.0825,0.0727,0.9771,,,0.0,0.1379,0.1667,,0.0153,,0.0074,,block of flats,Panel,No,15.0,0.0,0.0,-2720.0,0,1,0,0,0,0,0,0,0,0,0,0,0,0,0,0,0,0,0,0,0.0,0.0,0.0,0.0,0.0,1.0,5.96575,0.2508,0.042039978208942716
108035,Cash loans,F,N,Y,0,247500.0,545040.0,36553.5,Unaccompanied,Commercial associate,Incomplete higher,Married,House / apartment,0.032561,-13171,-1102.0,-7286.0,-61,,1,1,0,1,1,0,Laborers,2.0,1,SUNDAY,13,0,0,0,0,0,0,Business Entity Type 1,,0.3986581530504056,,0.0175,0.0,0.9687,0.5716,0.0053,0.0,0.069,0.125,0.1667,0.0,0.0039,0.02,reg oper account,block of flats,Block,No,1.0,0.0,0.0,-691.0,0,1,0,0,0,0,0,0,0,0,0,0,0,0,0,0,0,0,0,0,,,,,,,2.2021818181818182,0.1476909090909091,0.06706571994715985
426559,Cash loans,F,N,Y,0,225000.0,816660.0,26473.5,Family,Working,Secondary / secondary special,Married,Office apartment,0.018634,-16009,-8422.0,-3.0,-2929,,1,1,0,1,0,0,,2.0,2,MONDAY,16,0,0,0,0,1,1,Business Entity Type 2,,0.323202099719456,0.4866531565147181,0.0278,0.0622,0.9717,0.6124,0.0434,0.0,0.1034,0.0833,0.0417,0.0312,0.0,0.0,org spec account,block of flats,"Stone, brick",No,1.0,0.0,0.0,-3.0,0,1,0,0,0,0,0,0,0,0,0,0,0,0,0,0,0,0,0,0,0.0,0.0,0.0,0.0,1.0,4.0,3.6296,0.11766,0.032416795239144806
423561,Cash loans,M,N,N,0,202500.0,307944.0,30586.5,Unaccompanied,Pensioner,Secondary / secondary special,Civil marriage,Municipal apartment,0.018801,-20539,,-1708.0,-767,,1,0,0,1,0,0,,2.0,2,TUESDAY,10,0,0,0,0,0,0,XNA,,0.561944488657868,0.6178261467332483,0.0216,0.0,0.9632,,,0.0,0.069,0.0417,,0.0369,,0.0,,block of flats,Wooden,No,7.0,0.0,0.0,-543.0,0,0,0,0,1,0,0,0,0,0,0,0,0,0,0,0,0,0,0,0,0.0,0.0,0.0,0.0,1.0,3.0,1.5207111111111111,0.15104444444444445,0.09932487725040917
298874,Cash loans,M,Y,Y,1,121500.0,1288350.0,37800.0,Unaccompanied,Pensioner,Secondary / secondary special,Married,House / apartment,0.00496,-15461,,-3789.0,-4016,5.0,1,0,0,1,0,0,,3.0,2,MONDAY,15,0,0,0,0,0,0,XNA,0.4216721351994689,0.657020217423034,0.7295666907060153,0.0464,0.0529,0.9851,0.7959999999999999,0.0061,0.0,0.1034,0.1667,0.0417,0.0268,0.0039,0.0049,reg oper account,block of flats,"Stone, brick",No,0.0,0.0,0.0,-1256.0,0,0,0,0,1,0,0,0,0,0,0,0,0,0,0,0,0,0,0,0,0.0,0.0,0.0,0.0,1.0,0.0,10.603703703703705,0.3111111111111111,0.029339853300733496
155525,Cash loans,F,N,Y,1,202500.0,1125000.0,32895.0,Unaccompanied,Working,Higher education,Married,House / apartment,0.00702,-11447,-4133.0,-11157.0,-2964,,1,1,1,1,1,0,Sales staff,3.0,2,MONDAY,17,0,0,0,0,1,1,Industry: type 4,,0.4658378919035229,0.5549467685334323,0.0515,0.0118,0.9846,0.7892,0.0109,0.0,0.1379,0.1667,0.2083,0.0126,0.0,0.0275,not specified,block of flats,"Stone, brick",No,2.0,0.0,0.0,-1609.0,0,1,0,0,0,0,0,0,0,0,0,0,0,0,0,0,0,0,0,0,0.0,0.0,0.0,1.0,0.0,5.0,5.555555555555555,0.16244444444444445,0.02924
340325,Cash loans,F,Y,Y,0,99000.0,307944.0,34875.0,Family,Working,Secondary / secondary special,Married,House / apartment,0.014464,-12969,-1405.0,-9654.0,-4792,20.0,1,1,0,1,0,0,Waiters/barmen staff,2.0,2,WEDNESDAY,3,0,0,0,0,0,0,Other,0.5238139017978836,0.1926831648482327,,,,,,,,,,,,,,,,,,1.0,0.0,0.0,-349.0,0,1,0,0,0,0,0,0,0,0,0,0,0,0,0,0,0,0,0,0,0.0,0.0,0.0,0.0,2.0,0.0,3.1105454545454547,0.3522727272727273,0.11325111059153613
140191,Cash loans,M,Y,Y,0,180000.0,679500.0,27076.5,Unaccompanied,Working,Secondary / secondary special,Married,House / apartment,0.006207,-16012,-4046.0,-9384.0,-3943,3.0,1,1,0,1,1,0,Drivers,2.0,2,FRIDAY,15,0,0,0,0,0,0,Self-employed,,0.6346628592500203,0.5867400085415683,,,,,,,,,,,,,,,,,1.0,0.0,0.0,-1544.0,0,1,0,0,0,0,0,0,0,0,0,0,0,0,0,0,0,0,0,0,0.0,0.0,0.0,0.0,0.0,2.0,3.775,0.150425,0.0398476821192053
163643,Cash loans,F,N,Y,0,58500.0,373500.0,22824.0,Unaccompanied,Working,Secondary / secondary special,Married,House / apartment,0.01885,-11065,-2396.0,-862.0,-3167,,1,1,1,1,1,0,Laborers,2.0,2,TUESDAY,11,0,0,0,0,0,0,Services,0.3992744686779353,0.4289676932051089,0.7180328113294772,,,,,,,,,,,,,,,,,8.0,3.0,0.0,-1213.0,0,1,0,0,0,0,0,0,0,0,0,0,0,0,0,0,0,0,0,0,0.0,0.0,0.0,0.0,1.0,6.0,6.384615384615385,0.39015384615384613,0.06110843373493976
131730,Cash loans,M,N,Y,1,180000.0,338832.0,20605.5,Unaccompanied,Working,Secondary / secondary special,Married,House / apartment,0.030755,-11675,-2449.0,-399.0,-4279,,1,1,0,1,0,0,Drivers,3.0,2,WEDNESDAY,18,0,0,0,0,0,0,Transport: type 3,,0.4306611909132402,0.2539628093363117,0.0124,0.0435,0.9717,,,0.0,0.069,0.0417,,0.0,,0.0,,block of flats,"Stone, brick",No,0.0,0.0,0.0,0.0,0,1,0,0,0,0,0,0,0,0,0,0,0,0,0,0,0,0,0,0,0.0,0.0,0.0,0.0,0.0,6.0,1.8824,0.114475,0.060813323416914575
157686,Cash loans,F,Y,Y,0,180000.0,426384.0,40198.5,Unaccompanied,Pensioner,Higher education,Married,House / apartment,0.018634,-22076,,-1131.0,-4890,7.0,1,0,0,1,0,0,,2.0,2,TUESDAY,14,0,0,0,0,0,0,XNA,,0.8054276680477992,,0.0588,,0.9965,,,0.08,0.069,0.3333,,,,0.1276,,block of flats,"Stone, brick",No,0.0,0.0,0.0,-343.0,0,0,0,0,1,0,0,0,0,0,0,0,0,0,0,0,0,0,0,0,,,,,,,2.3688,0.223325,0.09427769334684229
242126,Cash loans,M,N,N,1,90000.0,364896.0,26680.5,Family,Working,Secondary / secondary special,Married,Rented apartment,0.006852,-11246,-513.0,-5921.0,-3259,,1,1,0,1,0,0,,3.0,3,SUNDAY,8,0,0,0,1,1,0,Military,0.2734062213393292,0.5820493973451546,0.3046721837533529,,,,,,,,,,,,,,,,,0.0,0.0,0.0,-1702.0,0,1,0,0,0,0,0,0,0,0,0,0,0,0,0,0,0,0,0,0,0.0,0.0,0.0,1.0,0.0,6.0,4.0544,0.29645,0.07311809392265194
182207,Cash loans,F,N,Y,0,225000.0,1081179.0,45936.0,Unaccompanied,Working,Secondary / secondary special,Married,House / apartment,0.0228,-19852,-1639.0,-9701.0,-3388,,1,1,0,1,1,0,Cooking staff,2.0,2,THURSDAY,11,0,0,0,0,0,0,School,,0.5600757227227035,0.7338145369642702,,,,,,,,,,,,,,,,,1.0,0.0,0.0,-3092.0,0,1,0,0,0,0,0,0,0,0,0,0,0,0,0,0,0,0,0,0,0.0,0.0,0.0,0.0,0.0,3.0,4.80524,0.20416,0.042486951744345754
290942,Cash loans,M,N,Y,0,135900.0,229500.0,14796.0,Unaccompanied,Pensioner,Secondary / secondary special,Married,House / apartment,0.0145199999999999,-10111,,-4862.0,-2793,,1,0,0,1,0,0,,2.0,2,FRIDAY,13,0,0,0,0,0,0,XNA,0.2469949260047963,0.3710685711934678,,0.0742,0.0522,0.9856,0.8028,0.0,0.08,0.069,0.3333,0.0417,0.0493,0.0,0.0,reg oper account,block of flats,Panel,No,2.0,0.0,0.0,0.0,0,0,0,0,1,0,0,0,0,0,0,0,0,0,0,0,0,0,0,0,,,,,,,1.6887417218543046,0.10887417218543047,0.06447058823529411
202567,Cash loans,F,Y,N,0,135000.0,900000.0,29745.0,Unaccompanied,State servant,Higher education,Single / not married,House / apartment,0.020713,-11664,-1631.0,-1867.0,-4150,3.0,1,1,0,1,1,0,,1.0,3,WEDNESDAY,7,0,0,0,0,0,0,Medicine,0.4618989746292233,0.4473006564924445,0.2636468134452008,,,,,,,,,,,,,,,,,0.0,0.0,0.0,-467.0,0,1,0,0,0,0,0,0,0,0,0,0,0,0,0,0,0,0,0,0,0.0,0.0,0.0,1.0,0.0,0.0,6.666666666666667,0.22033333333333333,0.03305
216378,Cash loans,M,Y,N,0,112500.0,675000.0,34465.5,Unaccompanied,Working,Secondary / secondary special,Married,House / apartment,0.018801,-15822,-1975.0,-9710.0,-4457,23.0,1,1,0,1,1,0,Drivers,2.0,2,SATURDAY,16,0,0,0,0,1,1,Business Entity Type 3,,0.3780148072052063,0.3344541255096772,,,,,,,,,,,,,,,,,3.0,0.0,0.0,-715.0,0,1,0,0,0,0,0,0,0,0,0,0,0,0,0,0,0,0,0,0,0.0,0.0,0.0,0.0,0.0,5.0,6.0,0.30636,0.05106
284968,Cash loans,F,N,N,1,202500.0,1636245.0,44995.5,Family,State servant,Secondary / secondary special,Married,Municipal apartment,0.04622,-13335,-5049.0,-4833.0,-4825,,1,1,1,1,0,0,Medicine staff,3.0,1,TUESDAY,14,0,0,0,0,0,0,Medicine,0.4173131815157157,0.7610734913810894,,0.3134,0.0656,0.9856,0.8028,0.0717,0.36,0.3103,0.3333,0.375,0.1642,0.0154,0.4233,reg oper account,block of flats,"Stone, brick",No,3.0,0.0,0.0,-2269.0,0,1,0,0,0,0,0,0,0,0,0,0,0,0,0,0,0,0,0,0,0.0,0.0,0.0,0.0,2.0,2.0,8.080222222222222,0.2222,0.0274992436951679
376897,Cash loans,M,Y,N,1,135000.0,152820.0,15016.5,Unaccompanied,Commercial associate,Secondary / secondary special,Married,House / apartment,0.010276,-16742,-3148.0,-147.0,-141,6.0,1,1,0,1,0,0,Managers,3.0,2,THURSDAY,11,0,0,0,0,0,0,Business Entity Type 1,,0.6665834088562798,0.6722428897082422,0.099,0.0998,0.9791,0.7144,0.0117,0.0,0.2759,0.1667,0.2083,0.0902,0.0,0.0,reg oper spec account,block of flats,Panel,No,0.0,0.0,0.0,0.0,0,1,0,0,0,0,0,0,0,0,0,0,0,0,0,0,0,0,0,0,0.0,0.0,0.0,0.0,0.0,1.0,1.132,0.11123333333333334,0.09826266195524146
270788,Cash loans,F,N,Y,0,247500.0,274779.0,28287.0,Unaccompanied,Working,Higher education,Married,House / apartment,0.010032,-16460,-6060.0,-8232.0,-9,,1,1,0,1,0,0,,2.0,2,THURSDAY,8,0,0,0,0,0,0,Housing,0.8658024539339229,0.5542973371618991,,0.1068,0.0727,0.9881,,,0.104,0.0897,0.375,,,,0.0703,,block of flats,Panel,No,1.0,0.0,0.0,-472.0,0,1,0,0,0,0,0,0,0,0,0,0,0,0,0,0,0,0,0,0,,,,,,,1.1102181818181818,0.1142909090909091,0.10294454816416101
432850,Cash loans,F,N,Y,1,157500.0,1288350.0,37800.0,Unaccompanied,Working,Higher education,Married,House / apartment,0.003813,-11541,-4987.0,-8659.0,-2618,,1,1,1,1,1,0,,3.0,2,WEDNESDAY,9,0,0,0,0,0,0,Electricity,0.4159596603266196,0.3182522746027093,0.622922000268356,0.2021,0.1895,0.9886,0.8436,0.0411,0.16,0.3103,0.3333,0.2083,0.1158,0.0039,0.0035,reg oper account,block of flats,Panel,No,0.0,0.0,0.0,-707.0,0,1,0,0,0,0,0,0,0,0,0,0,0,0,0,0,0,0,0,0,0.0,0.0,0.0,0.0,0.0,0.0,8.18,0.24,0.029339853300733496
112180,Cash loans,F,N,N,0,166500.0,755190.0,28116.0,Unaccompanied,Pensioner,Higher education,Widow,House / apartment,0.009549,-23525,,-12185.0,-4983,,1,0,0,1,0,0,,1.0,2,FRIDAY,17,0,0,0,0,0,0,XNA,0.9033204244427868,0.5926648706440746,,0.2216,0.1397,0.9836,0.7756,0.0351,0.24,0.2069,0.3333,0.375,0.2299,0.0,0.0,reg oper spec account,block of flats,Panel,No,1.0,0.0,0.0,-4.0,0,0,0,0,1,0,0,0,0,0,0,0,0,0,0,0,0,0,0,0,0.0,0.0,0.0,0.0,0.0,0.0,4.535675675675676,0.16886486486486488,0.03723036586819211
175598,Revolving loans,M,Y,Y,0,112500.0,337500.0,16875.0,Unaccompanied,Working,Secondary / secondary special,Married,House / apartment,0.020246,-19340,-234.0,-1890.0,-2892,5.0,1,1,1,1,0,0,Security staff,2.0,3,TUESDAY,12,0,0,0,0,1,1,Security,,0.4863598973419786,0.6674577419214722,,,,,,,,,,,,,,,,,1.0,1.0,1.0,-2211.0,0,0,0,0,0,0,0,0,0,0,0,0,0,0,0,0,0,0,0,0,0.0,0.0,0.0,0.0,0.0,2.0,3.0,0.15,0.05
262450,Cash loans,F,N,N,0,108000.0,384048.0,18810.0,Unaccompanied,State servant,Higher education,Married,House / apartment,0.02461,-16411,-1988.0,-4987.0,-4287,,1,1,0,1,1,0,Managers,2.0,2,MONDAY,17,0,0,0,0,1,1,Postal,,0.6619113286294069,0.6195277080511546,,,,,,,,,,,,,,,,,0.0,0.0,0.0,0.0,0,1,0,0,0,0,0,0,0,0,0,0,0,0,0,0,0,0,0,0,0.0,0.0,0.0,0.0,0.0,1.0,3.556,0.17416666666666666,0.0489782527184102
360230,Cash loans,M,Y,Y,0,135000.0,247500.0,19552.5,Unaccompanied,Working,Secondary / secondary special,Married,House / apartment,0.028663,-18130,-1417.0,-8610.0,-1664,10.0,1,1,0,1,0,0,Laborers,2.0,2,WEDNESDAY,16,0,0,0,0,0,0,Transport: type 4,,0.6817889497870262,0.5954562029091491,0.1124,0.0745,0.9747,0.6532,0.0261,0.0,0.069,0.1667,0.2083,0.0969,0.0,0.0,org spec account,block of flats,"Stone, brick",No,2.0,0.0,0.0,-2758.0,0,1,0,0,0,0,0,0,0,0,0,0,0,0,0,0,0,0,0,0,0.0,0.0,0.0,0.0,0.0,0.0,1.8333333333333333,0.14483333333333334,0.079
317234,Cash loans,F,N,Y,0,220500.0,459000.0,14935.5,Unaccompanied,Working,Secondary / secondary special,Civil marriage,House / apartment,0.018209,-14318,-3187.0,-4327.0,-4386,,1,1,0,1,0,0,Accountants,2.0,3,FRIDAY,12,0,0,0,0,0,0,Other,0.7081434898215545,0.4585705497375037,0.4668640059537032,,,,,,,,,,,,,,,,,0.0,0.0,0.0,-1166.0,0,1,0,0,0,0,0,0,0,0,0,0,0,0,0,0,0,0,0,0,0.0,0.0,0.0,0.0,0.0,4.0,2.0816326530612246,0.06773469387755102,0.03253921568627451
187090,Cash loans,M,N,Y,0,247500.0,781920.0,61906.5,Unaccompanied,Working,Secondary / secondary special,Married,House / apartment,0.035792,-16733,-1866.0,-1663.0,-279,,1,1,0,1,0,0,Laborers,2.0,2,TUESDAY,18,0,0,0,0,1,1,Construction,0.3110494265632998,0.7340513321214381,0.5442347412142162,,,,,,,,,,,,,,,,,0.0,0.0,0.0,-303.0,0,1,0,0,0,0,0,0,0,0,0,0,0,0,0,0,0,0,0,0,0.0,0.0,0.0,0.0,0.0,3.0,3.1592727272727275,0.25012727272727275,0.07917242173112339
311573,Cash loans,F,N,Y,1,126000.0,691020.0,20335.5,Unaccompanied,Working,Secondary / secondary special,Married,House / apartment,0.025164,-17203,-6985.0,-10016.0,-754,,1,1,1,1,0,0,Managers,3.0,2,TUESDAY,16,0,0,0,0,0,0,Housing,,0.6313048821233583,0.6178261467332483,0.0227,,0.9801,,,0.0,0.1034,0.0417,,,,0.0229,,block of flats,"Stone, brick",No,0.0,0.0,0.0,-2256.0,0,1,0,0,0,0,0,0,0,0,0,0,0,0,0,0,0,0,0,0,0.0,0.0,0.0,0.0,0.0,0.0,5.484285714285714,0.16139285714285714,0.029428236519927063
432763,Revolving loans,F,Y,Y,1,225000.0,202500.0,10125.0,Unaccompanied,Working,Higher education,Married,House / apartment,0.018209,-15587,-699.0,-774.0,-3937,7.0,1,1,0,1,0,0,Accountants,3.0,3,FRIDAY,8,0,1,1,0,1,1,Business Entity Type 1,0.6668034274136114,0.4479981549395087,0.5154953751603267,0.068,0.0759,0.9846,0.7892,0.0919,0.0,0.1379,0.1667,0.2083,0.0476,0.0,0.0202,reg oper account,block of flats,Panel,No,0.0,0.0,0.0,-695.0,0,0,0,0,0,0,0,0,0,0,0,0,0,0,0,0,0,0,0,0,0.0,0.0,0.0,0.0,0.0,2.0,0.9,0.045,0.05
222305,Cash loans,M,Y,Y,2,121500.0,900000.0,26316.0,Unaccompanied,Working,Secondary / secondary special,Married,House / apartment,0.015221,-11543,-1657.0,-3706.0,-3702,8.0,1,1,1,1,0,0,Drivers,4.0,2,SUNDAY,9,0,0,0,0,0,0,Business Entity Type 3,0.1476518543606201,0.7616892901951066,0.5064842396679806,0.1113,0.0852,0.9906,0.8708,,0.12,0.1034,0.3333,0.0417,0.0711,0.0,0.0,reg oper account,block of flats,"Stone, brick",No,2.0,0.0,0.0,-1447.0,0,1,0,0,0,0,0,0,0,0,0,0,0,0,0,0,0,0,0,0,0.0,0.0,0.0,4.0,0.0,1.0,7.407407407407407,0.2165925925925926,0.02924
194322,Cash loans,F,N,N,0,157500.0,263686.5,16978.5,Family,Working,Secondary / secondary special,Single / not married,House / apartment,0.020713,-17038,-2019.0,-8851.0,-570,,1,1,0,1,0,0,,1.0,3,SATURDAY,7,0,0,0,0,0,0,Transport: type 1,,0.6170920979166994,0.6769925032909132,0.0918,0.1023,0.9821,0.7552,,0.0,0.2069,0.1667,0.0417,,0.0,0.0,reg oper account,block of flats,Panel,No,2.0,1.0,1.0,-1753.0,0,1,0,0,0,0,0,0,0,0,0,0,0,0,0,0,0,0,0,0,0.0,0.0,0.0,0.0,0.0,5.0,1.6742,0.1078,0.06438896189224705
424404,Revolving loans,F,N,Y,0,272250.0,405000.0,20250.0,Unaccompanied,Working,Secondary / secondary special,Single / not married,Municipal apartment,0.002506,-21327,-1239.0,-1430.0,-4253,,1,1,0,1,0,0,,1.0,2,SUNDAY,5,0,0,0,0,0,0,Business Entity Type 1,,0.5083545223658293,0.5762088360175724,0.0814,0.1002,0.9861,0.8096,0.0454,0.0,0.2069,0.1667,0.2083,0.0,0.0,0.0,reg oper account,block of flats,Panel,No,1.0,0.0,0.0,-173.0,0,0,0,1,0,0,0,0,0,0,0,0,0,0,0,0,0,0,0,0,0.0,0.0,0.0,0.0,0.0,0.0,1.487603305785124,0.0743801652892562,0.05
276947,Cash loans,F,N,Y,1,135000.0,1155226.5,33907.5,Unaccompanied,Working,Secondary / secondary special,Married,House / apartment,0.030755,-13874,-188.0,-2219.0,-2481,,1,1,0,1,0,0,Sales staff,3.0,2,FRIDAY,11,0,0,0,0,0,0,Business Entity Type 3,0.4570604306048668,0.5895094615130072,0.4722533429586386,,,,,,,,,,,,,,,,,1.0,1.0,0.0,-882.0,0,1,0,0,0,0,0,0,0,0,0,0,0,0,0,0,0,0,0,0,0.0,0.0,0.0,0.0,0.0,3.0,8.557233333333333,0.25116666666666665,0.02935138693580869
106697,Cash loans,M,Y,N,1,112500.0,450000.0,24412.5,Unaccompanied,Working,Lower secondary,Civil marriage,Municipal apartment,0.009549,-14291,-1068.0,-1018.0,-3928,9.0,1,1,0,1,0,0,Laborers,3.0,2,WEDNESDAY,11,0,0,0,1,1,0,Other,0.6653898659335071,0.5307471272503302,,,,0.9796,,,,,,,,,,,,,No,0.0,0.0,0.0,-704.0,0,1,0,0,0,0,0,0,0,0,0,0,0,0,0,0,0,0,0,0,,,,,,,4.0,0.217,0.05425
281312,Cash loans,M,Y,N,2,387000.0,900000.0,45954.0,Unaccompanied,State servant,Incomplete higher,Married,House / apartment,0.002506,-12470,-5776.0,-4085.0,-4079,23.0,1,1,0,1,0,0,Laborers,4.0,2,SUNDAY,6,0,0,0,0,0,0,Military,,0.6949086032289167,,,,,,,,,,,,,,,,,,0.0,0.0,0.0,-717.0,0,0,0,0,0,0,1,0,0,0,0,0,0,0,0,0,0,0,0,0,,,,,,,2.3255813953488373,0.11874418604651163,0.05106
275009,Revolving loans,M,N,Y,1,157500.0,270000.0,13500.0,Unaccompanied,Working,Secondary / secondary special,Married,House / apartment,0.031329,-13189,-5353.0,-5727.0,-4026,,1,1,0,1,0,0,Laborers,3.0,2,THURSDAY,8,0,0,0,0,0,0,Business Entity Type 2,0.4405523392740616,0.4278806559195451,0.6279908192952864,0.0979,0.0119,0.9866,0.8164,0.0133,0.0,0.2069,0.1667,0.2083,0.0,0.0,0.0326,not specified,block of flats,Block,No,1.0,1.0,1.0,0.0,0,0,0,0,0,0,0,0,0,0,0,0,0,0,0,0,0,0,0,0,0.0,0.0,0.0,0.0,0.0,2.0,1.7142857142857142,0.08571428571428572,0.05
233758,Revolving loans,F,Y,Y,0,202500.0,900000.0,45000.0,Unaccompanied,Pensioner,Higher education,Married,House / apartment,0.072508,-21652,,-4731.0,-4731,3.0,1,0,0,1,1,0,,2.0,1,MONDAY,17,0,0,0,0,0,0,XNA,,0.7021382860902622,0.6446794549585961,0.0816,0.1036,0.9727,0.626,0.0132,0.0,0.131,0.1667,0.2083,0.0394,0.0263,0.0293,reg oper account,block of flats,"Stone, brick",No,0.0,0.0,0.0,-618.0,0,0,0,0,0,0,0,0,0,0,0,0,0,0,0,0,0,0,0,0,0.0,0.0,0.0,0.0,0.0,1.0,4.444444444444445,0.2222222222222222,0.05
172386,Cash loans,M,Y,Y,0,166500.0,225000.0,15165.0,Unaccompanied,Pensioner,Secondary / secondary special,Married,House / apartment,0.008625,-18985,,-10676.0,-2549,7.0,1,0,0,1,1,0,,2.0,2,SATURDAY,12,0,0,0,0,0,0,XNA,,0.5842288485870312,0.5316861425197883,,,,,,,,,,,,,,,,,0.0,0.0,0.0,-1621.0,0,1,0,0,0,0,0,0,0,0,0,0,0,0,0,0,0,0,0,0,0.0,0.0,0.0,0.0,0.0,2.0,1.3513513513513513,0.09108108108108108,0.0674
134215,Cash loans,F,N,N,0,72000.0,327024.0,10044.0,Unaccompanied,Pensioner,Incomplete higher,Single / not married,House / apartment,0.02461,-23832,,-14351.0,-4712,,1,0,0,1,0,0,,1.0,2,MONDAY,15,0,0,0,0,0,0,XNA,,0.6216493383517616,0.4848514754962666,0.0381,0.0785,0.9737,0.6396,0.0041,0.0,0.1034,0.125,0.1667,0.0569,0.0039,0.0685,,block of flats,"Stone, brick",No,0.0,0.0,0.0,-1808.0,0,0,0,0,1,0,0,0,0,0,0,0,0,0,0,0,0,0,0,0,0.0,0.0,0.0,0.0,0.0,1.0,4.542,0.1395,0.03071334214002642
127296,Cash loans,M,Y,N,0,135000.0,127350.0,13842.0,Unaccompanied,Working,Secondary / secondary special,Married,With parents,0.030755,-9098,-933.0,-321.0,-1761,10.0,1,1,0,1,0,0,Laborers,2.0,2,TUESDAY,12,0,0,0,0,0,0,Self-employed,0.2342026552455745,0.1877387579911398,0.2067786544915716,,,,,,,,,,,,,,,,,6.0,1.0,1.0,-1087.0,0,1,0,0,0,0,0,0,0,0,0,0,0,0,0,0,0,0,0,0,0.0,0.0,0.0,1.0,0.0,3.0,0.9433333333333334,0.10253333333333334,0.10869257950530035
453994,Cash loans,F,N,Y,0,157500.0,942300.0,27679.5,Unaccompanied,Working,Secondary / secondary special,Married,House / apartment,0.031329,-17216,-3649.0,-5346.0,-754,,1,1,0,1,0,0,,2.0,2,WEDNESDAY,11,0,0,0,0,1,1,Business Entity Type 1,,0.623458072718821,0.5919766183185521,,,0.9627,,,,0.069,0.0,,0.0,,,,block of flats,Wooden,Yes,0.0,0.0,0.0,-1872.0,0,1,0,0,0,0,0,0,0,0,0,0,0,0,0,0,0,0,0,0,0.0,0.0,0.0,1.0,2.0,2.0,5.982857142857143,0.17574285714285715,0.02937440305635148